<?xml version="1.0" encoding="UTF-8"?>

<mule xmlns:json="http://www.mulesoft.org/schema/mule/json" xmlns="http://www.mulesoft.org/schema/mule/core"
	xmlns:doc="http://www.mulesoft.org/schema/mule/documentation"
	xmlns:spring="http://www.springframework.org/schema/beans" version="CE-3.8.1"
	xmlns:xsi="http://www.w3.org/2001/XMLSchema-instance"
	xsi:schemaLocation="
http://www.mulesoft.org/schema/mule/json http://www.mulesoft.org/schema/mule/json/current/mule-json.xsd http://www.springframework.org/schema/beans http://www.springframework.org/schema/beans/spring-beans-current.xsd
http://www.mulesoft.org/schema/mule/core http://www.mulesoft.org/schema/mule/core/current/mule.xsd">

	<choice-exception-strategy name="sessionException">
		<catch-exception-strategy
			when="#[exception.causedBy(java.net.ConnectException)]" doc:name="Catch Exception Strategy">
			<set-payload value="#[originalPayload]" />
			<expression-component doc:name="Expression">
				<![CDATA[
				responseMap = new java.util.HashMap();
				responseMap['status'] = 'HOST_CONNECTION_TIMEOUT';
				payload = responseMap;]]>
			</expression-component>
			<json:object-to-json-transformer
				doc:name="Object to JSON" mapper-ref="NonNullMapper" />
		</catch-exception-strategy>
		<catch-exception-strategy
			when="#[exception.causedBy(java.net.SocketException)]" doc:name="Catch Exception Strategy">
			<set-payload value="#[originalPayload]" />
			<expression-component doc:name="Expression">
				<![CDATA[
				responseMap = new java.util.HashMap();
				responseMap['status'] = 'HOST_CONNECTION_FAILED';
				payload = responseMap;]]>
			</expression-component>
			<json:object-to-json-transformer
				doc:name="Object to JSON" mapper-ref="NonNullMapper" />
		</catch-exception-strategy>
		<catch-exception-strategy
			when="#[exception.causedBy(org.mule.module.http.internal.request.ResponseValidatorException)]"
			doc:name="Catch Exception Strategy">
			<set-payload value="#[originalPayload]" />
			<expression-component doc:name="Expression">
				<![CDATA[
				responseMap = new java.util.HashMap();
				responseMap['status'] = 'UNDEFINED_ERROR';
				payload = responseMap;]]>
			</expression-component>
			<json:object-to-json-transformer
				doc:name="Object to JSON" mapper-ref="NonNullMapper" />
		</catch-exception-strategy>
		<catch-exception-strategy
			when="#[exception.causedBy(com.mysql.jdbc.exceptions.jdbc4.MySQLIntegrityConstraintViolationException)]"
			doc:name="Catch Exception Strategy">
			<set-payload value="#[originalPayload]" />
			<expression-component doc:name="Expression">
				<![CDATA[
					allMap = new java.util.HashMap();
					allMap['status'] = 'DUPLICATE_TRANSACTION';
					
					responseMap = new java.util.HashMap();
					responseMap['GenerateTicketResponse']= [allMap];
				payload = responseMap;]]>
			</expression-component>
			<json:object-to-json-transformer
				doc:name="Object to JSON" mapper-ref="NonNullMapper" />
		</catch-exception-strategy>
		<catch-exception-strategy
			when="#[exception.causedBy(java.lang.NumberFormatException)]"
			doc:name="Catch Exception Strategy">
			<set-payload value="#[originalPayload]" />
			<expression-component doc:name="Expression">
				<![CDATA[
					allMap = new java.util.HashMap();
					allMap['status'] = 'UNKNOWN_ERROR';
					
					responseMap = new java.util.HashMap();
					responseMap['NotificationResponse']= [allMap];
				payload = responseMap;]]>
			</expression-component>
			<json:object-to-json-transformer
				doc:name="Object to JSON" mapper-ref="NonNullMapper" />
		</catch-exception-strategy>
	</choice-exception-strategy>
</mule>
