<?xml version="1.0" encoding="UTF-8"?>

<mule xmlns:context="http://www.springframework.org/schema/context"
	xmlns:db="http://www.mulesoft.org/schema/mule/db" xmlns:tls="http://www.mulesoft.org/schema/mule/tls"
	xmlns:http="http://www.mulesoft.org/schema/mule/http" xmlns="http://www.mulesoft.org/schema/mule/core"
	xmlns:doc="http://www.mulesoft.org/schema/mule/documentation"
	xmlns:spring="http://www.springframework.org/schema/beans" version="CE-3.8.1"
	xmlns:xsi="http://www.w3.org/2001/XMLSchema-instance"
	xsi:schemaLocation="
http://www.springframework.org/schema/context http://www.springframework.org/schema/context/spring-context-current.xsd 
http://www.mulesoft.org/schema/mule/db http://www.mulesoft.org/schema/mule/db/current/mule-db.xsd 
http://www.mulesoft.org/schema/mule/tls http://www.mulesoft.org/schema/mule/tls/current/mule-tls.xsd 
http://www.mulesoft.org/schema/mule/http http://www.mulesoft.org/schema/mule/http/current/mule-http.xsd 
http://www.springframework.org/schema/beans http://www.springframework.org/schema/beans/spring-beans-current.xsd
http://www.mulesoft.org/schema/mule/core http://www.mulesoft.org/schema/mule/core/current/mule.xsd 
http://www.mulesoft.org/schema/mule/db http://www.mulesoft.org/schema/mule/db/current/mule-db.xsd">

	<context:property-placeholder location="classpath:${mule.env}.properties" />

	<spring:beans>
		<spring:import resource="classpath:app-context.xml" />
		<spring:import resource="classpath:hazelcast-context.xml" />
		<spring:bean id="objectStore"
			class="org.mule.util.store.SimpleMemoryObjectStore" />
	</spring:beans>

	<http:listener-config name="HTTP_Listener_Configuration"
		host="0.0.0.0" port="${global.port}" basePath="Host/OSP"
		doc:name="HTTP Listener Configuration" />

	<http:listener-config name="HTTP_Listener_Configuration2"
		host="0.0.0.0" port="8889" basePath="NDI" doc:name="HTTP Listener Configuration" />

	<http:request-config name="HTTP_Request_Configuration"
		host="${ndi.host.url}" port="${ndi.host.port}" basePath="NDI"
		doc:name="HTTP Request Configuration" />

	<db:mysql-config name="MySQL_Configuration"
		url="jdbc:mysql://${parking.db.host}:${parking.db.port}/${parking.db.name}?useSSL=false&amp;useServerPrepStmts=false&amp;rewriteBatchedStatements=true"
		user="${parking.db.user}" password="${parking.db.password}" doc:name="MySQL Configuration" />

	<spring:beans>
		<spring:bean id="Bean" name="NonNullMapper"
			class="org.codehaus.jackson.map.ObjectMapper">
			<spring:property name="SerializationInclusion">
				<spring:value
					type="org.codehaus.jackson.map.annotate.JsonSerialize.Inclusion">NON_NULL</spring:value>
			</spring:property>
		</spring:bean>
	</spring:beans>
	<tls:context name="TLS_Context" doc:name="TLS Context">
		<tls:trust-store type="jks" insecure="true" />
	</tls:context>

</mule>
