<?xml version="1.0" encoding="UTF-8"?>
<beans xmlns="http://www.springframework.org/schema/beans"
	xmlns:xsi="http://www.w3.org/2001/XMLSchema-instance" xmlns:context="http://www.springframework.org/schema/context"
	xmlns:util="http://www.springframework.org/schema/util" xmlns:hz="http://www.hazelcast.com/schema/spring"
	xsi:schemaLocation="http://www.springframework.org/schema/beans http://www.springframework.org/schema/beans/spring-beans-3.0.xsd
http://www.springframework.org/schema/context http://www.springframework.org/schema/context/spring-context-3.0.xsd
http://www.springframework.org/schema/jdbc http://www.springframework.org/schema/jdbc/spring-jdbc-3.0.xsd
http://www.springframework.org/schema/util http://www.springframework.org/schema/util/spring-util-3.0.xsd
http://www.hazelcast.com/schema/spring https://hazelcast.com/schema/spring/hazelcast-spring-3.7.xsd">

	<hz:hazelcast id="instance">
		<hz:config>
			<hz:group name="on-street-parking-test" password="b1zd3v" />
			<hz:network port="5701" port-auto-increment="true">
				<hz:join>
					<hz:multicast enabled="true" multicast-group="224.2.2.3"
						multicast-port="54327" />
				</hz:join>
			</hz:network>
			<hz:map name="TicketIDMap" read-backup-data="true"
				time-to-live-seconds="${time.to.live}">
			</hz:map>
		</hz:config>
	</hz:hazelcast>

</beans>